"Name","longitude","latitude","time.bin","region","bio4","bio10","bio12","bio15","presence","tr.abcd","tr.abce","tr.abde","tr.acde","tr.bcde","test.e","test.d","test.c","test.b","test.a"
"americana",-120.284,49.574,"modern","americanaTrain",720.11167081587,11.7121666669846,564,24.0999601827074,1,0,1,1,1,1,1,0,0,0,0
"americana",-118.59,50.38,"modern","americanaTrain",762.923483061751,12.6705001195272,1086,24.5995455967823,1,1,1,1,1,0,0,0,0,0,1
"americana",-115.667,50.467,"modern","americanaTrain",841.980384910072,12.8926671346029,570,24.7500768683342,1,1,1,0,1,1,0,0,1,0,0
"americana",-132.975,54.943,"modern","americanaTrain",441.65481648101,12.2977275848389,2856,35.8063534414171,1,1,1,0,1,1,0,0,1,0,0
"americana",-67.279,45.189,"modern","americanaTrain",1009.44257015374,18.2981483141581,1144,10.5614943983889,1,0,1,1,1,1,1,0,0,0,0
"americana",-95.001,49.083,"modern","americanaTrain",1318.35624707839,18.0578335126241,549,63.4286983087796,1,1,1,0,1,1,0,0,1,0,0
"americana",-160.644,66.905,"modern","americanaTrain",1129.96311801987,11.2078332901001,248,69.1141208425501,1,1,0,1,1,1,0,1,0,0,0
"americana",-150.763,64.452,"modern","americanaTrain",1457.32638897581,14.1898334026337,406,68.6143875267144,1,0,1,1,1,1,1,0,0,0,0
"americana",-153.65,67.353,"modern","americanaTrain",1377.71181349441,12.0555001099904,318,62.5527575978503,1,1,1,1,0,1,0,0,0,1,0
"americana",-66.949,47,"modern","americanaTrain",1117.19892815645,15.6681663195292,1160,13.3594177922962,1,1,1,1,1,0,0,0,0,0,1
"americana",-83.656,47.528,"modern","americanaTrain",1144.10007267882,15.3413333098094,956,21.693946547659,1,1,1,0,1,1,0,0,1,0,0
"americana",-80.349,46.033,"modern","americanaTrain",1125.55581425395,17.6088333129883,988,17.3016026582931,1,1,0,1,1,1,0,1,0,0,0
"americana",-141.2,64.788,"modern","americanaTrain",1448.40317522028,13.3388334910075,290,68.861435398972,1,1,1,0,1,1,0,0,1,0,0
"americana",-160.135,63.938,"modern","americanaTrain",1198.32653937457,12.2205000718435,348,72.2090120008674,1,1,1,0,1,1,0,0,1,0,0
"americana",-89.999,48.219,"modern","americanaTrain",1186.59074034957,15.600999991099,810,32.8651426596942,1,1,0,1,1,1,0,1,0,0,0
"americana",-93.05,47.602,"modern","americanaTrain",1220.59907551683,17.4994996388753,686,58.6859267829602,1,1,0,1,1,1,0,1,0,0,0
"americana",-136.4,68.833,"modern","americanaTrain",1497.20928586787,9.98966666062673,246,60.040794431113,1,1,1,0,1,1,0,0,1,0,0
"americana",-77.77,45.94,"modern","americanaTrain",1145.26333785328,17.4391663869222,849,20.233074760917,1,1,1,0,1,1,0,0,1,0,0
"americana",-83.05,47.8,"modern","americanaTrain",1221.4967830744,15.9928334554036,813,25.179147753504,1,1,0,1,1,1,0,1,0,0,0
"americana",-82.15,47.367,"modern","americanaTrain",1193.86752738661,15.8021667003632,801,26.6064431804188,1,1,1,1,0,1,0,0,0,1,0
"americana",-88.467,48.833,"modern","americanaTrain",1229.89749734791,15.7316663265228,758,34.3618345724829,1,1,1,0,1,1,0,0,1,0,0
"americana",-89.62,49.285,"modern","americanaTrain",1291.5456902658,15.1221669514974,765,33.6763573064687,1,0,1,1,1,1,1,0,0,0,0
"americana",-89.259,48.43,"modern","americanaTrain",1181.20900987382,16.4701666037242,720,36.2480143710721,1,1,0,1,1,1,0,1,0,0,0
"americana",-66.2,48.917,"modern","americanaTrain",1097.53343019263,13.6723334789276,1229,16.1301674175788,1,0,1,1,1,1,1,0,0,0,0
"americana",-84.085,48.312,"modern","americanaTrain",1189.19384149111,15.478999932607,870,21.7261488743827,1,1,1,0,1,1,0,0,1,0,0
"americana",-84.954,48.483,"modern","americanaTrain",1190.97493141485,14.4651664892832,852,26.1921159135137,1,1,1,1,1,0,0,0,0,0,1
"americana",-91.45,50.167,"modern","americanaTrain",1353.52376323224,16.9548330307007,731,41.921040606374,1,1,1,1,1,0,0,0,0,0,1
"americana",-86.948,48.832,"modern","americanaTrain",1137.6123365837,13.8479996522268,835,32.5629555814847,1,1,1,1,0,1,0,0,0,1,0
"americana",-95.267,54.95,"modern","americanaTrain",1461.95315207089,15.2120000521342,517,52.8682771069512,1,0,1,1,1,1,1,0,0,0,0
"americana",-84.116,48.991,"modern","americanaTrain",1255.74158365664,15.3020001252492,822,22.7543350178662,1,1,1,1,0,1,0,0,0,1,0
"americana",-149.719,61.449,"modern","americanaTrain",934.03857669471,12.9149305025736,671,42.6200748140318,1,1,1,1,0,1,0,0,0,1,0
"americana",-82.167,49.5,"modern","americanaTrain",1271.71488883208,15.4914999802907,870,27.6373507140918,1,1,0,1,1,1,0,1,0,0,0
"americana",-83.667,42.783,"modern","americanaTrain",1000.4348107256,20.3201667467753,764,25.4126610392356,1,1,1,1,0,1,0,0,0,1,0
"americana",-84.467,51.1,"modern","americanaTrain",1367.17030722846,15.2466665108999,722,32.300035995068,1,1,1,1,1,0,0,0,0,0,1
"americana",-83.333,48.25,"modern","americanaTrain",1201.78402547456,15.2753333250682,797,23.567732783412,1,0,1,1,1,1,1,0,0,0,0
"americana",-126.485,59.55,"modern","americanaTrain",1303.28547111859,13.7531666755676,445,40.2991072941778,1,0,1,1,1,1,1,0,0,0,0
"americana",-94.401,56.407,"modern","americanaTrain",1493.30341739726,13.3388334910075,471,53.4240273627639,1,1,1,0,1,1,0,0,1,0,0
"americana",-145.533,62.914,"modern","americanaTrain",1182.13992761723,10.8705000082652,276,81.6303258661271,1,1,0,1,1,1,0,1,0,0,0
"americana",-81.667,52.2,"modern","americanaTrain",1368.46980573939,14.1553332010905,586,55.6230628775515,1,1,1,1,0,1,0,0,0,1,0
"americana",-123.467,56.8,"modern","americanaTrain",849.095045466114,8.17600007851919,742,44.2711558973402,1,1,0,1,1,1,0,1,0,0,0
"americana",-120.879,56.275,"modern","americanaTrain",1080.53289150915,14.3228332996368,470,53.0453891575673,1,1,1,1,1,0,0,0,0,0,1
"americana",-78.562,45.585,"modern","americanaTrain",1098.01588424618,16.3791667620341,996,16.9274586978503,1,1,1,0,1,1,0,0,1,0,0
"americana",-117.133,58.517,"modern","americanaTrain",1419.3342850205,15.1715002059937,371,56.4041190579334,1,0,1,1,1,1,1,0,0,0,0
"americana",-68.49,46.419,"modern","americanaTrain",1124.01679386292,17.1003333727519,963,19.3118848706332,1,1,1,1,1,0,0,0,0,0,1
"americana",-71.998,42.575,"modern","americanaTrain",986.573796439654,19.163499991099,1142,6.88101319796147,1,1,1,0,1,1,0,0,1,0,0
"americana",-71.511,41.41,"modern","americanaTrain",854.703108321038,20.5551284154256,1207,11.5677307544363,1,1,1,1,0,1,0,0,0,1,0
"americana",-71.695,44.195,"modern","americanaTrain",1011.9266414264,17.1428335507711,1070,17.036567672214,1,1,1,1,1,0,0,0,0,0,1
"americana",-97.362,55.668,"modern","americanaTrain",1479.27762690457,14.5573329925537,512,54.1432213410204,1,1,1,1,1,0,0,0,0,0,1
"americana",-91.05,48.567,"modern","americanaTrain",1241.5167729704,16.4310000737508,735,48.2177129080665,1,1,1,1,1,0,0,0,0,0,1
"americana",-78,44.817,"modern","americanaTrain",1066.05463377833,17.6874998410543,939,14.418477610369,1,1,1,0,1,1,0,0,1,0,0
"americana",-78.317,46.2,"modern","americanaTrain",1153.51297071845,17.1983332633972,843,23.6002410116495,1,1,1,0,1,1,0,0,1,0,0
"americana",-80.3,45.533,"modern","americanaTrain",1068.82379723198,17.6634996732076,1043,20.1873280666055,1,1,0,1,1,1,0,1,0,0,0
"americana",-77.083,45.5,"modern","americanaTrain",1133.95748546709,18.0011665026347,867,15.358706515247,1,1,1,0,1,1,0,0,1,0,0
"americana",-91.848,48.747,"modern","americanaTrain",1256.05019949132,16.8233334223429,767,46.3597082991134,1,1,1,0,1,1,0,0,1,0,0
"americana",-92.107,46.783,"modern","americanaTrain",1165.4314318436,17.5099999109904,778,49.9435231866514,1,1,1,1,1,0,0,0,0,0,1
"americana",-79.05,45.033,"modern","americanaTrain",1065.28702815423,17.3798332214355,1088,16.0420184553944,1,1,1,1,1,0,0,0,0,0,1
"americana",-67,47.667,"modern","americanaTrain",1093.94972807554,16.010000149409,1100,16.8963831673509,1,1,1,1,0,1,0,0,0,1,0
"americana",-79.867,45.1,"modern","americanaTrain",1066.82311206047,18.0151666005452,1071,20.3990038586045,1,1,1,1,1,0,0,0,0,0,1
"americana",-79.65,45.833,"modern","americanaTrain",1113.26625230559,16.8508334159851,1010,19.1947761448107,1,1,0,1,1,1,0,1,0,0,0
"americana",-77.897,45.31,"modern","americanaTrain",1093.51132598259,16.8849997520447,899,16.2444002052127,1,0,1,1,1,1,1,0,0,0,0
"americana",-97.411,48.412,"modern","americanaTrain",1331.89215761149,19.5541666348775,467,62.191286046233,1,1,0,1,1,1,0,1,0,0,0
"americana",-79.007,46.002,"modern","americanaTrain",1120.37319979875,16.5324999491374,932,26.4840523693522,1,1,1,1,1,0,0,0,0,0,1
"americana",-122.501,58.55,"modern","americanaTrain",1338.02756137278,14.5875000953674,486,67.0657589059441,1,1,1,1,0,1,0,0,0,1,0
"americana",-80.467,47.622,"modern","americanaTrain",1221.20133785049,16.1539998849233,823,23.5224392443804,1,1,1,0,1,1,0,0,1,0,0
"americana",-151.663,65.029,"modern","americanaTrain",1522.57543786382,14.787500222524,334,69.2037030036964,1,0,1,1,1,1,1,0,0,0,0
"americana",-154.312,64.763,"modern","americanaTrain",1418.82863551259,14.4313334623973,384,64.5416390703524,1,1,1,1,1,0,0,0,0,0,1
"americana",-147.003,66,"modern","americanaTrain",1446.25054828868,12.8578333059947,275,55.4254939394826,1,1,1,1,1,0,0,0,0,0,1
"americana",-115.7,60.864,"modern","americanaTrain",1489.02949731717,14.7511665026347,317,44.1667019322289,1,0,1,1,1,1,1,0,0,0,0
"americana",-145.257,64.63,"modern","americanaTrain",1290.93514818395,12.3199999332428,259,86.4723539544889,1,1,1,1,0,1,0,0,0,1,0
"americana",-90.74,47.737,"modern","americanaTrain",1138.56461790547,15.9838337103526,720,45.7256579704307,1,1,1,0,1,1,0,0,1,0,0
"americana",-91.73,47.709,"modern","americanaTrain",1203.10263675906,16.4961663881938,728,51.2677452074106,1,1,1,1,0,1,0,0,0,1,0
"americana",-89.029,46.859,"modern","americanaTrain",1067.17719809982,17.4511664708455,809,26.5771508477658,1,1,0,1,1,1,0,1,0,0,0
"americana",-89.849,46.44,"modern","americanaTrain",1102.26650713203,17.2916666666667,884,32.4826466443872,1,1,1,1,1,0,0,0,0,0,1
"americana",-87.953,47.395,"modern","americanaTrain",1012.27649214874,16.6905000209808,825,17.4750606735496,1,1,1,0,1,1,0,0,1,0,0
"americana",-88.252,46.267,"modern","americanaTrain",1076.16363640103,16.316666841507,799,36.9749991804432,1,0,1,1,1,1,1,0,0,0,0
"americana",-84.189,46.455,"modern","americanaTrain",1074.29091060348,17.1546665827433,944,18.1690019461168,1,1,0,1,1,1,0,1,0,0,0
"americana",-88.923,46.21,"modern","americanaTrain",1088.98272334582,16.6946670214335,832,39.8995739720708,1,0,1,1,1,1,1,0,0,0,0
"americana",-85.353,46.671,"modern","americanaTrain",1032.80442323373,16.7961668968201,817,23.6202168591303,1,1,0,1,1,1,0,1,0,0,0
"americana",-85.521,49.361,"modern","americanaTrain",1258.62423725648,15.2101668516795,844,28.5133766674671,1,1,1,0,1,1,0,0,1,0,0
"americana",-86.209,46.631,"modern","americanaTrain",1007.69413152346,16.8353332678477,831,23.0581415972756,1,1,1,0,1,1,0,0,1,0,0
"americana",-86.71,48.384,"modern","americanaTrain",1009.97465004235,13.8316667079926,842,31.0167238213276,1,1,1,1,0,1,0,0,0,1,0
"americana",-85.666,46.266,"modern","americanaTrain",1003.35568929972,17.0091665585836,787,26.54743861209,1,1,1,1,0,1,0,0,0,1,0
"americana",-87.624,46.614,"modern","americanaTrain",1022.30453562706,16.8376665115356,829,21.5062551753458,1,0,1,1,1,1,1,0,0,0,0
"americana",-155.62,66.93,"modern","americanaTrain",1340.42901704109,12.3006668885549,307,65.1645650211018,1,0,1,1,1,1,1,0,0,0,0
"americana",-139.6,63.183,"modern","americanaTrain",1487.31322837091,13.1078334649404,321,65.3386103224099,1,1,0,1,1,1,0,1,0,0,0
"americana",-71.011,44.694,"modern","americanaTrain",1048.34771130075,16.9531666437785,967,19.5592548566064,1,1,1,1,1,0,0,0,0,0,1
"americana",-67.656,46.905,"modern","americanaTrain",1119.75274500245,16.7266667683919,1065,17.1439359926787,1,1,0,1,1,1,0,1,0,0,0
"americana",-61.983,57.564,"modern","americanaTrain",1032.0304067923,8.40767550468445,785,22.0486945735582,1,1,1,1,0,1,0,0,0,1,0
"americana",-69.652,45.648,"modern","americanaTrain",1095.50427303353,16.7848337491353,1023,17.1765395499946,1,1,1,1,1,0,0,0,0,0,1
"americana",-67.84,46.126,"modern","americanaTrain",1117.04573858934,17.7081665992737,1038,12.168269817542,1,1,1,1,1,0,0,0,0,0,1
"americana",-59.203,55.047,"modern","americanaTrain",1026.27801295943,10.2682292461395,975,17.163774108552,1,1,1,1,0,1,0,0,0,1,0
"americana",-60.499,55.233,"modern","americanaTrain",1063.41148046325,10.2975308895111,860,12.5212630288103,1,1,0,1,1,1,0,1,0,0,0
"americana",-70.545,44.214,"modern","americanaTrain",1009.41989304533,18.6693332990011,1131,10.791664880817,1,1,0,1,1,1,0,1,0,0,0
"americana",-115.992,58.379,"modern","americanaTrain",1449.1465753688,15.782333056132,393,48.4749335167033,1,1,1,1,0,1,0,0,0,1,0
"americana",-73.888,50.417,"modern","americanaTrain",1276.24568461598,14.3130000432332,1019,26.7284978221162,1,1,1,0,1,1,0,0,1,0,0
"americana",-94.183,57.383,"modern","americanaTrain",1540.77049211373,12.4728333155314,433,54.1339448395028,1,1,1,1,0,1,0,0,0,1,0
"americana",-133.033,69.433,"modern","americanaTrain",1446.83972841379,8.19090912739436,152,58.1472640888721,1,1,0,1,1,1,0,1,0,0,0
"americana",-121.333,63.417,"modern","americanaTrain",1589.64378492283,14.4143331050873,353,48.3076851028266,1,1,0,1,1,1,0,1,0,0,0
"americana",-107.951,63.067,"modern","americanaTrain",1588.51172244361,11.6305000384649,305,51.7395620768521,1,1,0,1,1,1,0,1,0,0,0
"americana",-128.383,61.867,"modern","americanaTrain",1172.11819467479,8.83216669162115,608,42.0359725404136,1,1,1,1,1,0,0,0,0,0,1
"americana",-137.95,67.45,"modern","americanaTrain",1655.26814446509,12.4765002727509,279,57.6281031313255,1,1,1,0,1,1,0,0,1,0,0
"americana",-80.1,51.267,"modern","americanaTrain",1296.650334458,14.1423913637797,686,43.274841391094,1,1,1,1,1,0,0,0,0,0,1
"americana",-73.033,51.067,"modern","americanaTrain",1271.45841892424,13.582833369573,957,29.7360175895203,1,1,0,1,1,1,0,1,0,0,0
"americana",-58.377,48.578,"modern","americanaTrain",873.183924837763,14.6577381292979,1407,18.1952223206023,1,1,0,1,1,1,0,1,0,0,0
"americana",-75.317,46.167,"modern","americanaTrain",1146.63773368355,16.5570000012716,1075,15.3146558024767,1,1,0,1,1,1,0,1,0,0,0
"americana",-118.083,52.883,"modern","americanaTrain",872.549789388456,13.3120001951853,459,42.3842159480615,1,1,1,1,0,1,0,0,0,1,0
"americana",-128.01,52.753,"modern","americanaTrain",566.284365606162,12.6361743609111,3454,43.5834960510696,1,1,1,0,1,1,0,0,1,0,0
"americana",-127.011,68.548,"modern","americanaTrain",1633.44777699911,12.1064999103546,183,58.1515521063045,1,1,1,1,1,0,0,0,0,0,1
"americana",-124.906,67.484,"modern","americanaTrain",1470.38711907038,9.95200002193451,241,46.2280112674967,1,1,1,1,0,1,0,0,0,1,0
"americana",-126.583,67.9,"modern","americanaTrain",1590.33369244905,11.8783331712087,219,52.4240295645778,1,1,1,1,0,1,0,0,0,1,0
"americana",-132.572,67.254,"modern","americanaTrain",1685.50553823758,14.0910001595815,242,44.857394513653,1,1,1,1,1,0,0,0,0,0,1
"americana",-118.343,53.37,"modern","americanaTrain",786.507826958886,11.1456665992737,576,42.8438887535764,1,1,1,0,1,1,0,0,1,0,0
"americana",-115.425,55.338,"modern","americanaTrain",1123.38224211402,14.7523335615794,521,61.7578240409565,1,1,1,1,1,0,0,0,0,0,1
"americana",-156.93,64.733,"modern","americanaTrain",1404.42109491408,13.9271663029989,337,51.9074178535964,1,1,1,0,1,1,0,0,1,0,0
"americana",-82.576,48.183,"modern","americanaTrain",1201.21259104795,15.2921667893728,724,29.2846267251848,1,0,1,1,1,1,1,0,0,0,0
"americana",-83.042,49.681,"modern","americanaTrain",1298.48902111247,15.2481668790181,861,23.4822705302829,1,1,1,1,0,1,0,0,0,1,0
"americana",-88.244,46.83,"modern","americanaTrain",1037.15484261792,17.1199997266134,837,22.5192728523019,1,1,1,1,0,1,0,0,0,1,0
"americana",-84.742,45.312,"modern","americanaTrain",995.833091309015,17.9698333740234,824,25.4379260714251,1,1,1,1,0,1,0,0,0,1,0
"americana",-151.181,61.959,"modern","americanaTrain",1074.60468132475,13.0398151079814,626,47.9453364061715,1,1,1,1,0,1,0,0,0,1,0
"americana",-145.538,68.127,"modern","americanaTrain",1579.82418219436,11.4570001761119,156,58.3476879590526,1,1,1,0,1,1,0,0,1,0,0
"americana",-122.6,59,"modern","americanaTrain",1403.67083556983,14.9633335272471,472,66.0414684681687,1,1,1,0,1,1,0,0,1,0,0
"americana",-123.474,58.518,"modern","americanaTrain",1084.21315146499,13.2785002390544,566,69.4512731539319,1,0,1,1,1,1,1,0,0,0,0
"americana",-133.346,57.597,"modern","americanaTrain",570.362971593177,11.1070777575175,2561,37.5958730002748,1,1,1,1,1,0,0,0,0,0,1
"americana",-156.517,63.133,"modern","americanaTrain",1261.0163309354,12.666166305542,448,49.9733560217954,1,1,0,1,1,1,0,1,0,0,0
"americana",-133.45,57.15,"modern","americanaTrain",528.422704834344,12.5041666825612,3117,40.317775992478,1,0,1,1,1,1,1,0,0,0,0
"americana",-153.267,63.383,"modern","americanaTrain",1364.7416186699,14.0764995416005,367,73.1847274470962,1,1,1,1,0,1,0,0,0,1,0
"americana",-126.75,65.283,"modern","americanaTrain",1625.14455263779,14.4601667722066,293,51.3660356617456,1,0,1,1,1,1,1,0,0,0,0
"americana",-133.181,55.675,"modern","americanaTrain",478.602051019344,12.3814999262492,3593,37.2422090969319,1,1,1,1,1,0,0,0,0,0,1
"americana",-149.53,64.25,"modern","americanaTrain",1418.32252035775,14.1030000050863,389,65.7668487402714,1,1,0,1,1,1,0,1,0,0,0
"americana",-148.66,64.65,"modern","americanaTrain",1438.27991429703,14.7744998931885,293,63.7606258578694,1,1,1,0,1,1,0,0,1,0,0
"americana",-156.37,61.09,"modern","americanaTrain",1157.78641766896,12.863499879837,553,59.7679534538506,1,1,1,0,1,1,0,0,1,0,0
"americana",-154.53,62.44,"modern","americanaTrain",1279.72104354034,13.0323333740234,432,70.9099592830205,1,1,1,0,1,1,0,0,1,0,0
"americana",-60.145,53.531,"modern","americanaTrain",1058.65169802669,11.6871071656545,924,20.395937393219,1,1,0,1,1,1,0,1,0,0,0
"americana",-135.29,56.88,"modern","americanaTrain",457.002405023078,11.8706518809001,3099,41.144111984771,1,0,1,1,1,1,1,0,0,0,0
"americana",-135.202,60.857,"modern","americanaTrain",1171.53820233801,12.4786667029063,251,53.7220047020217,1,1,1,0,1,1,0,0,1,0,0
"americana",-114.368,60.742,"modern","americanaTrain",1491.07106460577,14.6756666501363,328,42.3618528948599,1,1,1,0,1,1,0,0,1,0,0
"americana",-113.533,61.367,"modern","americanaTrain",1496.36157178671,14.0998335679372,295,44.8609258108331,1,0,1,1,1,1,1,0,0,0,0
"americana",-112.967,60.8,"modern","americanaTrain",1519.61904388667,14.5338333447774,323,44.9862099745173,1,1,1,1,0,1,0,0,0,1,0
"americana",-143.41,64.999,"modern","americanaTrain",1405.55587820197,12.135333220164,227,82.8751516292936,1,1,1,1,0,1,0,0,0,1,0
"americana",-148.621,63.592,"modern","americanaTrain",1092.72639577473,10.9116667906443,384,64.9413613633678,1,1,1,1,0,1,0,0,0,1,0
"americana",-131.785,56.75,"modern","americanaTrain",709.58183262724,13.6326668262482,2108,37.0361372007491,1,0,1,1,1,1,1,0,0,0,0
"americana",-150.616,59.692,"modern","americanaTrain",596.066050734296,8.6483332713445,1056,34.2751046433877,1,1,1,1,0,1,0,0,0,1,0
"americana",-151.75,60.713,"modern","americanaTrain",707.319765304983,12.0528983275096,732,43.174784962636,1,1,1,1,1,0,0,0,0,0,1
"americana",-150.252,60.166,"modern","americanaTrain",604.314525042389,8.03933350245158,990,32.6523302839637,1,1,1,1,1,0,0,0,0,0,1
"americana",-140.306,59.695,"modern","americanaTrain",613.577877687353,11.7037312189738,3206,36.1744473878051,1,1,1,0,1,1,0,0,1,0,0
"americana",-140.534,64.423,"modern","americanaTrain",1526.81900161173,13.2586663564046,289,67.0659614899604,1,1,0,1,1,1,0,1,0,0,0
"americana",-86.584,46.224,"modern","americanaTrain",1017.41191106765,17.3923336664836,845,23.3576870072523,1,1,1,1,1,0,0,0,0,0,1
"americana",-147.667,64.85,"modern","americanaTrain",1443.26147970294,15.0198334058126,315,48.7629213372318,1,1,0,1,1,1,0,1,0,0,0
"americana",-154.333,66.167,"modern","americanaTrain",1313.84281044297,12.6706664562225,417,63.6646507343296,1,0,1,1,1,1,1,0,0,0,0
"americana",-152.167,66.833,"modern","americanaTrain",1484.70367206233,13.2643332481384,336,54.1240522912734,1,1,0,1,1,1,0,1,0,0,0
"americana",-149.6,60.5,"modern","americanaTrain",750.15318685008,11.6161665916443,917,46.9252269117737,1,0,1,1,1,1,1,0,0,0,0
"americana",-150.7,60.93,"modern","americanaTrain",815.175050531411,12.4839743773142,754,46.0228091156787,1,1,1,1,0,1,0,0,0,1,0
"americana",-152.312,63.883,"modern","americanaTrain",1399.81554531548,13.8274997870127,333,77.7356110653435,1,1,1,1,1,0,0,0,0,0,1
"americana",-147.25,66.45,"modern","americanaTrain",1648.59120317924,14.8151664733887,241,51.9759088641194,1,1,1,1,1,0,0,0,0,0,1
"americana",-160.56,56.006,"modern","americanaTrain",542.157506729277,9.80322583516439,775,33.4027770053785,1,1,1,1,1,0,0,0,0,0,1
"americana",-148.066,65.278,"modern","americanaTrain",1293.39991568759,13.0093335310618,301,58.9073617584449,1,0,1,1,1,1,1,0,0,0,0
"americana",-146.304,64.262,"modern","americanaTrain",1285.97739874847,13.5568332672119,314,73.7004575834981,1,1,1,1,1,0,0,0,0,0,1
"americana",-149.1,65.667,"modern","americanaTrain",1523.61524301806,14.3126665751139,306,62.3083163701015,1,0,1,1,1,1,1,0,0,0,0
"americana",-154.3,66.8,"modern","americanaTrain",1505.80081095493,13.2394998073578,357,61.5801516969012,1,1,1,1,0,1,0,0,0,1,0
"americana",-136.225,57.958,"modern","americanaTrain",513.095544049411,11.157478650411,2236,37.649251784517,1,1,1,1,0,1,0,0,0,1,0
"americana",-131.512,56.225,"modern","americanaTrain",575.570026841916,11.4315260251363,2639,36.5182707009964,1,1,1,1,0,1,0,0,0,1,0
"americana",-150.25,65.5,"modern","americanaTrain",1441.53940601528,13.5181664625804,355,67.6374294481311,1,1,1,0,1,1,0,0,1,0,0
"americana",-130.883,55.487,"modern","americanaTrain",541.664048800094,12.8755144278208,2565,39.2260273127171,1,1,1,0,1,1,0,0,1,0,0
"americana",-134.5,58.35,"modern","americanaTrain",603.311527711837,11.2282828489939,1745,34.7979444520067,1,1,0,1,1,1,0,1,0,0,0
"americana",-135.283,59.2,"modern","americanaTrain",633.005451873916,11.7080881595612,1192,48.0934370238046,1,0,1,1,1,1,1,0,0,0,0
"americana",-131.752,57.7,"modern","americanaTrain",913.000065149829,13.2055000464121,922,38.073175200143,1,1,1,1,1,0,0,0,0,0,1
"americana",-130.101,54.03,"modern","americanaTrain",474.363804717458,12.6471428871155,2801,41.3648982338523,1,1,1,1,0,1,0,0,0,1,0
"americana",-145.267,66.567,"modern","americanaTrain",1671.52168892161,14.4588333765666,167,48.381307473991,1,1,1,1,0,1,0,0,0,1,0
"americana",-131.646,55.342,"modern","americanaTrain",517.239587010429,12.3399305343628,3288,34.1835765329349,1,1,1,1,1,0,0,0,0,0,1
"americana",-143,63.417,"modern","americanaTrain",1429.5708232561,12.82133324941,262,79.4234256311903,1,1,0,1,1,1,0,1,0,0,0
"americana",-135.583,57.521,"modern","americanaTrain",498.530315730184,12.4106058279673,2147,40.8543660293124,1,1,0,1,1,1,0,1,0,0,0
"americana",-142.517,61.1,"modern","americanaTrain",1179.48643180192,12.1938334703445,1243,31.9437450958462,1,0,1,1,1,1,1,0,0,0,0
"americana",-135.264,58.607,"modern","americanaTrain",665.755835115794,11.6368334293365,1394,40.4578983020901,1,1,0,1,1,1,0,1,0,0,0
"americana",-152.483,64.417,"modern","americanaTrain",1425.061410005,14.0240004857381,337,75.9348198123249,1,1,0,1,1,1,0,1,0,0,0
"americana",-130.967,55.033,"modern","americanaTrain",503.510219343123,13.3874999682109,2326,36.6101271629498,1,1,1,1,1,0,0,0,0,0,1
"americana",-132.467,55.417,"modern","americanaTrain",502.587240965291,13.022939046224,3189,35.5059507538803,1,0,1,1,1,1,1,0,0,0,0
"americana",-133.1,56.233,"modern","americanaTrain",508.964877664768,12.4853333632151,3538,38.0591480020399,1,1,1,1,0,1,0,0,0,1,0
"americana",-135.272,58.06,"modern","americanaTrain",541.26569859712,12.1698334217072,1738,38.3106567327551,1,1,1,0,1,1,0,0,1,0,0
"americana",-146.393,64.895,"modern","americanaTrain",1339.06680871725,13.4401667118073,306,67.7241182979133,1,1,0,1,1,1,0,1,0,0,0
"americana",-127.833,65.283,"modern","americanaTrain",1652.13749263681,14.5518329938253,322,45.2863937364046,1,1,1,1,0,1,0,0,0,1,0
"americana",-146.188,65.357,"modern","americanaTrain",1226.51161097819,11.3833332061768,287,66.838837509197,1,0,1,1,1,1,1,0,0,0,0
"americana",-139.55,59.442,"modern","americanaTrain",567.587702542624,11.9337399800618,3698,37.9907378677431,1,0,1,1,1,1,1,0,0,0,0
"americana",-124.018,49.6,"modern","americanaTrain",517.696197525295,16.2364584604899,1343,49.9328893765281,1,1,1,1,1,0,0,0,0,0,1
"americana",-132.967,56.733,"modern","americanaTrain",549.245287374001,12.6430380344391,3107,37.6877780305652,1,0,1,1,1,1,1,0,0,0,0
"americana",-145.4,62.256,"modern","americanaTrain",1305.19576873625,13.0489998658498,277,56.3366006614099,1,1,0,1,1,1,0,1,0,0,0
"americana",-144.787,61.842,"modern","americanaTrain",1172.4756281024,11.6188334623973,389,42.997294517189,1,1,1,0,1,1,0,0,1,0,0
"americana",-146.044,61.879,"modern","americanaTrain",1164.44793433281,11.429500023524,376,43.8246308216044,1,0,1,1,1,1,1,0,0,0,0
"americana",-144.026,62.808,"modern","americanaTrain",1012.23789469961,9.90466674168905,344,66.1994469845014,1,0,1,1,1,1,1,0,0,0,0
"americana",-146.677,62.499,"modern","americanaTrain",1179.42641134929,11.3291665712992,303,70.2277121975577,1,0,1,1,1,1,1,0,0,0,0
"americana",-144.529,61.398,"modern","americanaTrain",1063.03049880377,11.2276667753855,780,30.849074775029,1,1,1,1,0,1,0,0,0,1,0
"americana",-143.583,61.5,"modern","americanaTrain",983.154079268748,9.48816657066345,869,30.4486871237422,1,0,1,1,1,1,1,0,0,0,0
"americana",-145.517,61.2,"modern","americanaTrain",909.754539527577,8.73200011253357,756,28.7030248643525,1,0,1,1,1,1,1,0,0,0,0
"americana",-157.785,60.329,"modern","americanaTrain",964.257338815644,12.0213335355123,574,49.0911361745607,1,0,1,1,1,1,1,0,0,0,0
"americana",-154.401,60.23,"modern","americanaTrain",833.665162764182,11.8809999624888,514,48.4814256974589,1,1,0,1,1,1,0,1,0,0,0
"americana",-83.144,48.688,"modern","americanaTrain",1232.73632280613,15.2646667162577,799,23.4247987654718,1,1,1,1,1,0,0,0,0,0,1
"americana",-150.96,63.525,"modern","americanaTrain",1152.55604969054,11.1304997603099,537,56.7550799364374,1,1,1,1,1,0,0,0,0,0,1
"americana",-65.867,48.2,"modern","americanaTrain",1070.20785042194,16.3280302683512,1016,15.5686233551242,1,0,1,1,1,1,1,0,0,0,0
"americana",-74.251,43.877,"modern","americanaTrain",998.965931621922,16.3676668802897,1123,14.2309407838375,1,1,1,0,1,1,0,0,1,0,0
"americana",-73.785,43.083,"modern","americanaTrain",1020.83799004427,20.452166557312,1039,12.9858960051411,1,1,1,1,0,1,0,0,0,1,0
"americana",-78.75,51.483,"modern","americanaTrain",1327.07678682552,16.1168456077576,719,44.1398387629011,1,1,0,1,1,1,0,1,0,0,0
